{
    "text": {
        "блять": ["Та що ти знову, бляха муха!", "Ой все, матюкайся менше!"],
        "нахуй": ["А ну без агресії тут!", "Нахуй — то направо, а ти наліво давай!"]
    },
    "voice": ["О, ти ще й говориш, мдааа...", "Голосовухи в 2025? Соромно має бути."],
    "video_note": ["Кружечки — це несерйозно.", "Коли нормальне відео скинеш?"],
    "sticker": ["Стікери — це для слабких.", "Хто тут стікеронападник?"],
    "animation": ["Гіфка як твоя самооцінка — коротка й невиразна."],
    "photo": ["Фоточки — то для інсти, а не сюди."]
}